code_id,threshold,synthetic_recoveries,synthetic_trials,synthetic_recovery_fraction,background_events,exposure_hours,false_events_per_hour,engineering_check_only
sync8_c0,0.45,2505,2563,0.9773702692157628,18968,177.1327777777778,107.08351236831128,True
sync8_c0,0.455,2501,2563,0.9758095981271947,18006,177.1327777777778,101.65255818767466,True
sync8_c0,0.46,2500,2563,0.9754194303550526,17042,177.1327777777778,96.21031304200552,True
sync8_c0,0.465,2500,2563,0.9754194303550526,16123,177.1327777777778,91.02211460956784,True
sync8_c0,0.47000000000000003,2500,2563,0.9754194303550526,15192,177.1327777777778,85.76617038693509,True
sync8_c0,0.47500000000000003,2496,2563,0.9738587592664846,14292,177.1327777777778,80.68523612230624,True
sync8_c0,0.48000000000000004,2492,2563,0.9722980881779165,13388,177.1327777777778,75.58171992761237,True
sync8_c0,0.48500000000000004,2490,2563,0.9715177526336325,12518,177.1327777777778,70.67015013847113,True
sync8_c0,0.49000000000000005,2487,2563,0.9703472493172064,11678,177.1327777777778,65.92794482481753,True
sync8_c0,0.49500000000000005,2483,2563,0.9687865782286383,10890,177.1327777777778,61.47930460200916,True
sync8_c0,0.5,2476,2563,0.9660554038236442,10097,177.1327777777778,57.00243696661951,True
sync8_c0,0.5050000000000001,2472,2563,0.9644947327350761,9330,177.1327777777778,52.67235187665248,True
sync8_c0,0.51,2465,2563,0.961763558330082,8590,177.1327777777778,48.4946948146243,True
sync8_c0,0.5150000000000001,2462,2563,0.9605930550136559,7945,177.1327777777778,44.853358591640294,True
sync8_c0,0.52,2454,2563,0.9574717128365197,7299,177.1327777777778,41.20637688614002,True
sync8_c0,0.5250000000000001,2451,2563,0.9563012095200937,6706,177.1327777777778,37.85860575400123,True
sync8_c0,0.53,2449,2563,0.9555208739758096,6121,177.1327777777778,34.555998481992475,True
sync8_c0,0.5350000000000001,2443,2563,0.9531798673429575,5608,177.1327777777778,31.65986595115403,True
sync8_c0,0.54,2438,2563,0.9512290284822473,5131,177.1327777777778,28.966970790900735,True
sync8_c0,0.5450000000000002,2432,2563,0.9488880218493952,4670,177.1327777777778,26.36440335090751,True
sync8_c0,0.55,2429,2563,0.9477175185329691,4243,177.1327777777778,23.95378231646693,True
sync8_c0,0.5550000000000002,2426,2563,0.9465470152165432,3879,177.1327777777778,21.89882668055037,True
sync8_c0,0.56,2425,2563,0.9461568474444011,3524,177.1327777777778,19.8946803872801,True
sync8_c0,0.5650000000000002,2424,2563,0.945766679672259,3171,177.1327777777778,17.901825059042338,True
sync8_c0,0.5700000000000001,2419,2563,0.943815840811549,2883,177.1327777777778,16.275926094361104,True
sync8_c0,0.5750000000000002,2412,2563,0.9410846664065549,2602,177.1327777777778,14.68954550729365,True
sync8_c0,0.5800000000000001,2408,2563,0.9395239953179867,2357,177.1327777777778,13.306402290811349,True
sync8_c0,0.5850000000000002,2404,2563,0.9379633242294186,2132,177.1327777777778,12.036168724654136,True
sync8_c0,0.5900000000000001,2399,2563,0.9360124853687085,1904,177.1327777777778,10.748998710948158,True
sync8_c0,0.5950000000000002,2395,2563,0.9344518142801405,1696,177.1327777777778,9.574738347567267,True
sync8_c0,0.6000000000000001,2390,2563,0.9325009754194303,1497,177.1327777777778,8.451287326832665,True
sync8_c0,0.6050000000000002,2387,2563,0.9313304721030042,1350,177.1327777777778,7.621401396943284,True
sync8_c0,0.6100000000000001,2382,2563,0.9293796332422942,1177,177.1327777777778,6.644732921631293,True
sync8_c0,0.6150000000000002,2374,2563,0.926258291065158,1038,177.1327777777778,5.860010851871947,True
sync8_c0,0.6200000000000001,2369,2563,0.9243074522044479,931,177.1327777777778,5.255944222632739,True
sync8_c0,0.6250000000000002,2358,2563,0.9200156067108857,827,177.1327777777778,4.668814040942293,True
sync8_c0,0.6300000000000001,2356,2563,0.9192352711666016,747,177.1327777777778,4.2171754396419505,True
sync8_c0,0.6350000000000002,2348,2563,0.9161139289894654,662,177.1327777777778,3.7373094257603365,True
sync8_c0,0.6400000000000001,2338,2563,0.9122122512680453,592,177.1327777777778,3.3421256496225364,True
sync8_c0,0.6450000000000002,2333,2563,0.9102614124073352,523,177.1327777777778,2.9525873560009908,True
sync8_c0,0.6500000000000001,2326,2563,0.907530238002341,449,177.1327777777778,2.534821649798174,True
sync8_c0,0.6550000000000002,2319,2563,0.9047990635973469,395,177.1327777777778,2.2299655939204426,True
sync8_c0,0.6600000000000001,2312,2563,0.9020678891923527,345,177.1327777777778,1.9476914681077282,True
sync8_c0,0.6650000000000003,2304,2563,0.8989465470152166,306,177.1327777777778,1.7275176499738112,True
sync8_c0,0.6700000000000002,2290,2563,0.8934841982052283,265,177.1327777777778,1.4960528668073854,True
sync8_c0,0.6750000000000003,2279,2563,0.889192352711666,222,177.1327777777778,1.2532971186084512,True
sync8_c0,0.6800000000000002,2274,2563,0.887241513850956,192,177.1327777777778,1.0839326431208227,True
sync8_c0,0.6850000000000003,2263,2563,0.8829496683573936,165,177.1327777777778,0.9315046151819569,True
sync8_c0,0.6900000000000002,2257,2563,0.8806086617245416,137,177.1327777777778,0.773431104726837,True
sync8_c0,0.6950000000000003,2249,2563,0.8774873195474053,116,177.1327777777778,0.6548759718854971,True
sync8_c0,0.7000000000000002,2244,2563,0.8755364806866953,96,177.1327777777778,0.5419663215604114,True
sync8_c0,0.7050000000000003,2230,2563,0.870074131876707,79,177.1327777777778,0.4459931187840885,True
sync8_c0,0.7100000000000002,2221,2563,0.8665626219274288,65,177.1327777777778,0.3669563635565285,True
sync8_c0,0.7150000000000003,2216,2563,0.8646117830667187,58,177.1327777777778,0.32743798594274853,True
sync8_c0,0.7200000000000002,2208,2563,0.8614904408895825,48,177.1327777777778,0.2709831607802057,True
sync8_c0,0.7250000000000003,2196,2563,0.8568084276238783,40,177.1327777777778,0.2258193006501714,True
sync8_c0,0.7300000000000002,2182,2563,0.85134607881389,34,177.1327777777778,0.1919464055526457,True
sync8_c0,0.7350000000000003,2171,2563,0.8470542333203277,30,177.1327777777778,0.16936447548762854,True
sync8_c0,0.7400000000000002,2152,2563,0.8396410456496294,26,177.1327777777778,0.1467825454226114,True
sync8_c0,0.7450000000000003,2140,2563,0.8349590323839251,24,177.1327777777778,0.13549158039010284,True
sync8_c0,0.7500000000000002,2129,2563,0.8306671868903629,20,177.1327777777778,0.1129096503250857,True
sync8_c0,0.7550000000000003,2121,2563,0.8275458447132267,16,177.1327777777778,0.09032772026006855,True
sync8_c0,0.7600000000000002,2106,2563,0.8216933281310964,11,177.1327777777778,0.06210030767879713,True
sync8_c0,0.7650000000000003,2090,2563,0.8154506437768241,8,177.1327777777778,0.045163860130034275,True
sync8_c0,0.7700000000000002,2077,2563,0.8103784627389777,5,177.1327777777778,0.028227412581271424,True
sync8_c0,0.7750000000000004,2054,2563,0.8014046039797112,3,177.1327777777778,0.016936447548762855,True
sync8_c0,0.7800000000000002,2043,2563,0.797112758486149,3,177.1327777777778,0.016936447548762855,True
sync8_c0,0.7850000000000004,2026,2563,0.7904799063597346,2,177.1327777777778,0.011290965032508569,True
sync8_c0,0.7900000000000003,2013,2563,0.7854077253218884,1,177.1327777777778,0.005645482516254284,True
sync8_c0,0.7950000000000004,1996,2563,0.778774873195474,1,177.1327777777778,0.005645482516254284,True
sync8_c0,0.8000000000000003,1977,2563,0.7713616855247757,1,177.1327777777778,0.005645482516254284,True
sync8_c0,0.8050000000000004,1957,2563,0.7635583300819352,1,177.1327777777778,0.005645482516254284,True
sync8_c0,0.8100000000000003,1934,2563,0.7545844713226687,1,177.1327777777778,0.005645482516254284,True
sync8_c0,0.8150000000000004,1904,2563,0.7428794381584081,1,177.1327777777778,0.005645482516254284,True
sync8_c0,0.8200000000000003,1873,2563,0.7307842372220055,1,177.1327777777778,0.005645482516254284,True
sync8_c0,0.8250000000000004,1840,2563,0.7179087007413187,1,177.1327777777778,0.005645482516254284,True
sync8_c0,0.8300000000000003,1812,2563,0.7069840031213421,1,177.1327777777778,0.005645482516254284,True
sync8_c0,0.8350000000000004,1781,2563,0.6948888021849395,0,177.1327777777778,0.0,True
sync8_c0,0.8400000000000003,1742,2563,0.6796722590714007,0,177.1327777777778,0.0,True
sync8_c0,0.8450000000000004,1694,2563,0.6609442060085837,0,177.1327777777778,0.0,True
sync8_c0,0.8500000000000003,1654,2563,0.6453374951229028,0,177.1327777777778,0.0,True
sync8_c0,0.8550000000000004,1607,2563,0.6269996098322279,0,177.1327777777778,0.0,True
sync8_c0,0.8600000000000003,1562,2563,0.6094420600858369,0,177.1327777777778,0.0,True
sync8_c0,0.8650000000000004,1500,2563,0.5852516582130316,0,177.1327777777778,0.0,True
sync8_c0,0.8700000000000003,1429,2563,0.5575497463909481,0,177.1327777777778,0.0,True
sync8_c0,0.8750000000000004,1365,2563,0.5325790089738588,0,177.1327777777778,0.0,True
sync8_c0,0.8800000000000003,1302,2563,0.5079984393289114,0,177.1327777777778,0.0,True
sync8_c0,0.8850000000000005,1226,2563,0.4783456886461178,0,177.1327777777778,0.0,True
sync8_c0,0.8900000000000003,1137,2563,0.443620756925478,0,177.1327777777778,0.0,True
sync8_c0,0.8950000000000005,1043,2563,0.40694498634412796,0,177.1327777777778,0.0,True
sync8_c0,0.9000000000000004,955,2563,0.37261022239563013,0,177.1327777777778,0.0,True
sync8_c0,0.9050000000000005,859,2563,0.3351541162699961,0,177.1327777777778,0.0,True
sync8_c0,0.9100000000000004,770,2563,0.30042918454935624,0,177.1327777777778,0.0,True
sync8_c0,0.9150000000000005,694,2563,0.27077643386656264,0,177.1327777777778,0.0,True
sync8_c0,0.9200000000000004,606,2563,0.23644166991806476,0,177.1327777777778,0.0,True
sync8_c0,0.9250000000000005,526,2563,0.2052282481467031,0,177.1327777777778,0.0,True
sync8_c0,0.9300000000000004,429,2563,0.16738197424892703,0,177.1327777777778,0.0,True
sync8_c0,0.9350000000000005,341,2563,0.13304721030042918,0,177.1327777777778,0.0,True
sync8_c0,0.9400000000000004,270,2563,0.10534529847834569,0,177.1327777777778,0.0,True
sync8_c0,0.9450000000000005,199,2563,0.07764338665626219,0,177.1327777777778,0.0,True
sync8_c0,0.9500000000000004,141,2563,0.05501365587202497,0,177.1327777777778,0.0,True
iso8_matched,0.45,2436,2563,0.9504486929379633,9567,177.1327777777778,54.01033123300474,True
iso8_matched,0.455,2432,2563,0.9488880218493952,8984,177.1327777777778,50.71901492602849,True
iso8_matched,0.46,2430,2563,0.9481076863051112,8442,177.1327777777778,47.659163402218674,True
iso8_matched,0.465,2426,2563,0.9465470152165432,7921,177.1327777777778,44.71786701125019,True
iso8_matched,0.47000000000000003,2423,2563,0.9453765119001171,7433,177.1327777777778,41.9628715433181,True
iso8_matched,0.47500000000000003,2423,2563,0.9453765119001171,6979,177.1327777777778,39.39982248093865,True
iso8_matched,0.48000000000000004,2420,2563,0.944206008583691,6477,177.1327777777778,36.565790257779,True
iso8_matched,0.48500000000000004,2416,2563,0.9426453374951229,6006,177.1327777777778,33.90676799262324,True
iso8_matched,0.49000000000000005,2413,2563,0.9414748341786968,5605,177.1327777777778,31.642929503605266,True
iso8_matched,0.49500000000000005,2412,2563,0.9410846664065549,5213,177.1327777777778,29.429900357233585,True
iso8_matched,0.5,2406,2563,0.9387436597737027,4820,177.1327777777778,27.211225728345653,True
iso8_matched,0.5050000000000001,2402,2563,0.9371829886851346,4489,177.1327777777778,25.342571015465484,True
iso8_matched,0.51,2401,2563,0.9367928209129925,4170,177.1327777777778,23.541662092780367,True
iso8_matched,0.5150000000000001,2399,2563,0.9360124853687085,3869,177.1327777777778,21.842371855387828,True
iso8_matched,0.52,2398,2563,0.9356223175965666,3564,177.1327777777778,20.12049968793027,True
iso8_matched,0.5250000000000001,2397,2563,0.9352321498244245,3304,177.1327777777778,18.652674233704158,True
iso8_matched,0.53,2392,2563,0.9332813109637144,3047,177.1327777777778,17.201785227026807,True
iso8_matched,0.5350000000000001,2391,2563,0.9328911431915724,2777,177.1327777777778,15.677504947638148,True
iso8_matched,0.54,2389,2563,0.9321108076472884,2549,177.1327777777778,14.390334933932172,True
iso8_matched,0.5450000000000002,2387,2563,0.9313304721030042,2345,177.1327777777778,13.238656500616298,True
iso8_matched,0.55,2386,2563,0.9309403043308623,2149,177.1327777777778,12.132141927430458,True
iso8_matched,0.5550000000000002,2383,2563,0.9297698010144362,1975,177.1327777777778,11.149827969602212,True
iso8_matched,0.56,2378,2563,0.9278189621537261,1806,177.1327777777778,10.195741424355239,True
iso8_matched,0.5650000000000002,2377,2563,0.9274287943815841,1663,177.1327777777778,9.388437424530876,True
iso8_matched,0.5700000000000001,2373,2563,0.925868123293016,1531,177.1327777777778,8.64323373238531,True
iso8_matched,0.5750000000000002,2368,2563,0.9239172844323059,1366,177.1327777777778,7.711729117203353,True
iso8_matched,0.5800000000000001,2361,2563,0.9211861100273118,1234,177.1327777777778,6.966525425057787,True
iso8_matched,0.5850000000000002,2360,2563,0.9207959422551697,1101,177.1327777777778,6.215676250395967,True
iso8_matched,0.5900000000000001,2357,2563,0.9196254389387437,1000,177.1327777777778,5.645482516254285,True
iso8_matched,0.5950000000000002,2352,2563,0.9176746000780336,890,177.1327777777778,5.0244794394663135,True
iso8_matched,0.6000000000000001,2349,2563,0.9165040967616075,791,177.1327777777778,4.465576670357139,True
iso8_matched,0.6050000000000002,2346,2563,0.9153335934451814,692,177.1327777777778,3.906673901247965,True
iso8_matched,0.6100000000000001,2343,2563,0.9141630901287554,605,177.1327777777778,3.4155169223338424,True
iso8_matched,0.6150000000000002,2342,2563,0.9137729223566133,538,177.1327777777778,3.037269593744805,True
iso8_matched,0.6200000000000001,2338,2563,0.9122122512680453,480,177.1327777777778,2.7098316078020566,True
iso8_matched,0.6250000000000002,2329,2563,0.9087007413187671,422,177.1327777777778,2.382393621859308,True
iso8_matched,0.6300000000000001,2323,2563,0.9063597346859149,372,177.1327777777778,2.100119496046594,True
iso8_matched,0.6350000000000002,2312,2563,0.9020678891923527,336,177.1327777777778,1.8968821254614396,True
iso8_matched,0.6400000000000001,2306,2563,0.8997268825595006,288,177.1327777777778,1.625898964681234,True
iso8_matched,0.6450000000000002,2299,2563,0.8969957081545065,252,177.1327777777778,1.4226615940960798,True
iso8_matched,0.6500000000000001,2296,2563,0.8958252048380804,226,177.1327777777778,1.2758790486734684,True
iso8_matched,0.6550000000000002,2293,2563,0.8946547015216543,202,177.1327777777778,1.1403874682833655,True
iso8_matched,0.6600000000000001,2285,2563,0.8915333593445182,177,177.1327777777778,0.9992504053770084,True
iso8_matched,0.6650000000000003,2276,2563,0.88802184939524,148,177.1327777777778,0.8355314124056341,True
iso8_matched,0.6700000000000002,2267,2563,0.8845103394459618,129,177.1327777777778,0.7282672445968027,True
iso8_matched,0.6750000000000003,2261,2563,0.8821693328131096,113,177.1327777777778,0.6379395243367342,True
iso8_matched,0.6800000000000002,2255,2563,0.8798283261802575,104,177.1327777777778,0.5871301816904456,True
iso8_matched,0.6850000000000003,2250,2563,0.8778774873195474,86,177.1327777777778,0.4855114963978685,True
iso8_matched,0.6900000000000002,2241,2563,0.8743659773702692,78,177.1327777777778,0.4403476362678342,True
iso8_matched,0.6950000000000003,2237,2563,0.8728053062817012,69,177.1327777777778,0.38953829362154563,True
iso8_matched,0.7000000000000002,2234,2563,0.8716348029652751,59,177.1327777777778,0.3330834684590028,True
iso8_matched,0.7050000000000003,2225,2563,0.8681232930159969,54,177.1327777777778,0.30485605587773135,True
iso8_matched,0.7100000000000002,2219,2563,0.8657822863831448,45,177.1327777777778,0.2540467132314428,True
iso8_matched,0.7150000000000003,2211,2563,0.8626609442060086,39,177.1327777777778,0.2201738181339171,True
iso8_matched,0.7200000000000002,2209,2563,0.8618806086617246,31,177.1327777777778,0.17500995800388283,True
iso8_matched,0.7250000000000003,2200,2563,0.8583690987124464,27,177.1327777777778,0.15242802793886567,True
iso8_matched,0.7300000000000002,2192,2563,0.8552477565353102,22,177.1327777777778,0.12420061535759426,True
iso8_matched,0.7350000000000003,2185,2563,0.852516582130316,19,177.1327777777778,0.10726416780883141,True
iso8_matched,0.7400000000000002,2177,2563,0.8493952399531799,14,177.1327777777778,0.07903675522755998,True
iso8_matched,0.7450000000000003,2164,2563,0.8443230589153335,12,177.1327777777778,0.06774579019505142,True
iso8_matched,0.7500000000000002,2154,2563,0.8404213811939134,9,177.1327777777778,0.050809342646288565,True
iso8_matched,0.7550000000000003,2140,2563,0.8349590323839251,6,177.1327777777778,0.03387289509752571,True
iso8_matched,0.7600000000000002,2125,2563,0.8291065158017947,5,177.1327777777778,0.028227412581271424,True
iso8_matched,0.7650000000000003,2113,2563,0.8244245025360906,5,177.1327777777778,0.028227412581271424,True
iso8_matched,0.7700000000000002,2100,2563,0.8193523214982442,4,177.1327777777778,0.022581930065017138,True
iso8_matched,0.7750000000000004,2088,2563,0.8146703082325399,4,177.1327777777778,0.022581930065017138,True
iso8_matched,0.7800000000000002,2068,2563,0.8068669527896996,3,177.1327777777778,0.016936447548762855,True
iso8_matched,0.7850000000000004,2050,2563,0.7998439328911432,1,177.1327777777778,0.005645482516254284,True
iso8_matched,0.7900000000000003,2033,2563,0.7932110807647288,0,177.1327777777778,0.0,True
iso8_matched,0.7950000000000004,2017,2563,0.7869683964104565,0,177.1327777777778,0.0,True
iso8_matched,0.8000000000000003,2002,2563,0.7811158798283262,0,177.1327777777778,0.0,True
iso8_matched,0.8050000000000004,1976,2563,0.7709715177526336,0,177.1327777777778,0.0,True
iso8_matched,0.8100000000000003,1958,2563,0.7639484978540773,0,177.1327777777778,0.0,True
iso8_matched,0.8150000000000004,1932,2563,0.7538041357783847,0,177.1327777777778,0.0,True
iso8_matched,0.8200000000000003,1905,2563,0.7432696059305501,0,177.1327777777778,0.0,True
iso8_matched,0.8250000000000004,1885,2563,0.7354662504877097,0,177.1327777777778,0.0,True
iso8_matched,0.8300000000000003,1860,2563,0.7257120561841592,0,177.1327777777778,0.0,True
iso8_matched,0.8350000000000004,1831,2563,0.7143971907920406,0,177.1327777777778,0.0,True
iso8_matched,0.8400000000000003,1801,2563,0.7026921576277799,0,177.1327777777778,0.0,True
iso8_matched,0.8450000000000004,1764,2563,0.6882559500585251,0,177.1327777777778,0.0,True
iso8_matched,0.8500000000000003,1729,2563,0.6746000780335544,0,177.1327777777778,0.0,True
iso8_matched,0.8550000000000004,1693,2563,0.6605540382364417,0,177.1327777777778,0.0,True
iso8_matched,0.8600000000000003,1637,2563,0.6387046429964884,0,177.1327777777778,0.0,True
iso8_matched,0.8650000000000004,1577,2563,0.6152945766679673,0,177.1327777777778,0.0,True
iso8_matched,0.8700000000000003,1525,2563,0.5950058525165821,0,177.1327777777778,0.0,True
iso8_matched,0.8750000000000004,1458,2563,0.5688646117830667,0,177.1327777777778,0.0,True
iso8_matched,0.8800000000000003,1393,2563,0.5435037065938354,0,177.1327777777778,0.0,True
iso8_matched,0.8850000000000005,1325,2563,0.5169722980881779,0,177.1327777777778,0.0,True
iso8_matched,0.8900000000000003,1235,2563,0.481857198595396,0,177.1327777777778,0.0,True
iso8_matched,0.8950000000000005,1149,2563,0.4483027701911822,0,177.1327777777778,0.0,True
iso8_matched,0.9000000000000004,1058,2563,0.4127975029262583,0,177.1327777777778,0.0,True
iso8_matched,0.9050000000000005,969,2563,0.37807257120561844,0,177.1327777777778,0.0,True
iso8_matched,0.9100000000000004,888,2563,0.3464689816621147,0,177.1327777777778,0.0,True
iso8_matched,0.9150000000000005,780,2563,0.30433086227077644,0,177.1327777777778,0.0,True
iso8_matched,0.9200000000000004,691,2563,0.26960593055013654,0,177.1327777777778,0.0,True
iso8_matched,0.9250000000000005,608,2563,0.2372220054623488,0,177.1327777777778,0.0,True
iso8_matched,0.9300000000000004,531,2563,0.2071790870074132,0,177.1327777777778,0.0,True
iso8_matched,0.9350000000000005,445,2563,0.17362465860319937,0,177.1327777777778,0.0,True
iso8_matched,0.9400000000000004,355,2563,0.13850955911041749,0,177.1327777777778,0.0,True
iso8_matched,0.9450000000000005,273,2563,0.10651580179477176,0,177.1327777777778,0.0,True
iso8_matched,0.9500000000000004,195,2563,0.07608271556769411,0,177.1327777777778,0.0,True
