relative_path,channel_index,channel_name,mne_channel_type,name_inferred_channel_type
Data/PSG/s_00/c_00/morningnap_singlepart.edf,0,Fp1,eeg,eeg
Data/PSG/s_00/c_00/morningnap_singlepart.edf,1,Fz,eeg,eeg
Data/PSG/s_00/c_00/morningnap_singlepart.edf,2,F3,eeg,eeg
Data/PSG/s_00/c_00/morningnap_singlepart.edf,3,F7,eeg,eeg
Data/PSG/s_00/c_00/morningnap_singlepart.edf,4,EMG_wrist_left,eeg,emg
Data/PSG/s_00/c_00/morningnap_singlepart.edf,5,FC5,eeg,eeg
Data/PSG/s_00/c_00/morningnap_singlepart.edf,6,FC1,eeg,eeg
Data/PSG/s_00/c_00/morningnap_singlepart.edf,7,C3,eeg,eeg
Data/PSG/s_00/c_00/morningnap_singlepart.edf,8,EOG_left,eeg,eog
Data/PSG/s_00/c_00/morningnap_singlepart.edf,9,EOG_right,eeg,eog
Data/PSG/s_00/c_00/morningnap_singlepart.edf,10,EMG_left,eeg,emg
Data/PSG/s_00/c_00/morningnap_singlepart.edf,11,EMG_right,eeg,emg
Data/PSG/s_00/c_00/morningnap_singlepart.edf,12,Pz,eeg,eeg
Data/PSG/s_00/c_00/morningnap_singlepart.edf,13,P3,eeg,eeg
Data/PSG/s_00/c_00/morningnap_singlepart.edf,14,P7,eeg,eeg
Data/PSG/s_00/c_00/morningnap_singlepart.edf,15,O1,eeg,eeg
Data/PSG/s_00/c_00/morningnap_singlepart.edf,16,Oz,eeg,eeg
Data/PSG/s_00/c_00/morningnap_singlepart.edf,17,O2,eeg,eeg
Data/PSG/s_00/c_00/morningnap_singlepart.edf,18,P4,eeg,eeg
Data/PSG/s_00/c_00/morningnap_singlepart.edf,19,P8,eeg,eeg
Data/PSG/s_00/c_00/morningnap_singlepart.edf,20,EMG_wrist_right,eeg,emg
Data/PSG/s_00/c_00/morningnap_singlepart.edf,21,CP6,eeg,eeg
Data/PSG/s_00/c_00/morningnap_singlepart.edf,22,CP2,eeg,eeg
Data/PSG/s_00/c_00/morningnap_singlepart.edf,23,Cz,eeg,eeg
Data/PSG/s_00/c_00/morningnap_singlepart.edf,24,C4,eeg,eeg
Data/PSG/s_00/c_00/morningnap_singlepart.edf,25,T8,eeg,eeg
Data/PSG/s_00/c_00/morningnap_singlepart.edf,26,FT10,eeg,eeg
Data/PSG/s_00/c_00/morningnap_singlepart.edf,27,FC6,eeg,eeg
Data/PSG/s_00/c_00/morningnap_singlepart.edf,28,FC2,eeg,eeg
Data/PSG/s_00/c_00/morningnap_singlepart.edf,29,F4,eeg,eeg
Data/PSG/s_00/c_00/morningnap_singlepart.edf,30,F8,eeg,eeg
Data/PSG/s_00/c_00/morningnap_singlepart.edf,31,Fp2,eeg,eeg
Data/PSG/s_00/c_00/morningnap_singlepart.edf,32,AF7,eeg,eeg
Data/PSG/s_00/c_00/morningnap_singlepart.edf,33,AF3,eeg,eeg
Data/PSG/s_00/c_00/morningnap_singlepart.edf,34,AFz,eeg,eeg
Data/PSG/s_00/c_00/morningnap_singlepart.edf,35,F1,eeg,eeg
Data/PSG/s_00/c_00/morningnap_singlepart.edf,36,F5,eeg,eeg
Data/PSG/s_00/c_00/morningnap_singlepart.edf,37,FT7,eeg,eeg
Data/PSG/s_00/c_00/morningnap_singlepart.edf,38,FC3,eeg,eeg
Data/PSG/s_00/c_00/morningnap_singlepart.edf,39,C1,eeg,eeg
Data/PSG/s_00/c_00/morningnap_singlepart.edf,40,C5,eeg,eeg
Data/PSG/s_00/c_00/morningnap_singlepart.edf,41,TP7,eeg,eeg
Data/PSG/s_00/c_00/morningnap_singlepart.edf,42,CP3,eeg,eeg
Data/PSG/s_00/c_00/morningnap_singlepart.edf,43,P1,eeg,eeg
Data/PSG/s_00/c_00/morningnap_singlepart.edf,44,P5,eeg,eeg
Data/PSG/s_00/c_00/morningnap_singlepart.edf,45,PO7,eeg,eeg
Data/PSG/s_00/c_00/morningnap_singlepart.edf,46,PO3,eeg,eeg
Data/PSG/s_00/c_00/morningnap_singlepart.edf,47,POz,eeg,eeg
Data/PSG/s_00/c_00/morningnap_singlepart.edf,48,PO4,eeg,eeg
Data/PSG/s_00/c_00/morningnap_singlepart.edf,49,PO8,eeg,eeg
Data/PSG/s_00/c_00/morningnap_singlepart.edf,50,P6,eeg,eeg
Data/PSG/s_00/c_00/morningnap_singlepart.edf,51,P2,eeg,eeg
Data/PSG/s_00/c_00/morningnap_singlepart.edf,52,CPz,eeg,eeg
Data/PSG/s_00/c_00/morningnap_singlepart.edf,53,CP4,eeg,eeg
Data/PSG/s_00/c_00/morningnap_singlepart.edf,54,TP8,eeg,eeg
Data/PSG/s_00/c_00/morningnap_singlepart.edf,55,C6,eeg,eeg
Data/PSG/s_00/c_00/morningnap_singlepart.edf,56,C2,eeg,eeg
Data/PSG/s_00/c_00/morningnap_singlepart.edf,57,FC4,eeg,eeg
Data/PSG/s_00/c_00/morningnap_singlepart.edf,58,FT8,eeg,eeg
Data/PSG/s_00/c_00/morningnap_singlepart.edf,59,F6,eeg,eeg
Data/PSG/s_00/c_00/morningnap_singlepart.edf,60,AF8,eeg,eeg
Data/PSG/s_00/c_00/morningnap_singlepart.edf,61,AF4,eeg,eeg
Data/PSG/s_00/c_00/morningnap_singlepart.edf,62,F2,eeg,eeg
Data/PSG/s_00/c_00/morningnap_singlepart.edf,63,Iz,eeg,eeg
Data/PSG/s_01/c_01/morningnap_singlepart.edf,0,Fp1,eeg,eeg
Data/PSG/s_01/c_01/morningnap_singlepart.edf,1,Fz,eeg,eeg
Data/PSG/s_01/c_01/morningnap_singlepart.edf,2,F3,eeg,eeg
Data/PSG/s_01/c_01/morningnap_singlepart.edf,3,F7,eeg,eeg
Data/PSG/s_01/c_01/morningnap_singlepart.edf,4,EOG_left,eeg,eog
Data/PSG/s_01/c_01/morningnap_singlepart.edf,5,FC5,eeg,eeg
Data/PSG/s_01/c_01/morningnap_singlepart.edf,6,FC1,eeg,eeg
Data/PSG/s_01/c_01/morningnap_singlepart.edf,7,C3,eeg,eeg
Data/PSG/s_01/c_01/morningnap_singlepart.edf,8,T7,eeg,eeg
Data/PSG/s_01/c_01/morningnap_singlepart.edf,9,EOG_right,eeg,eog
Data/PSG/s_01/c_01/morningnap_singlepart.edf,10,CP5,eeg,eeg
Data/PSG/s_01/c_01/morningnap_singlepart.edf,11,CP1,eeg,eeg
Data/PSG/s_01/c_01/morningnap_singlepart.edf,12,Pz,eeg,eeg
Data/PSG/s_01/c_01/morningnap_singlepart.edf,13,P3,eeg,eeg
Data/PSG/s_01/c_01/morningnap_singlepart.edf,14,P7,eeg,eeg
Data/PSG/s_01/c_01/morningnap_singlepart.edf,15,O1,eeg,eeg
Data/PSG/s_01/c_01/morningnap_singlepart.edf,16,Oz,eeg,eeg
Data/PSG/s_01/c_01/morningnap_singlepart.edf,17,O2,eeg,eeg
Data/PSG/s_01/c_01/morningnap_singlepart.edf,18,P4,eeg,eeg
Data/PSG/s_01/c_01/morningnap_singlepart.edf,19,P8,eeg,eeg
Data/PSG/s_01/c_01/morningnap_singlepart.edf,20,EMG_lower_right,eeg,emg
Data/PSG/s_01/c_01/morningnap_singlepart.edf,21,CP6,eeg,eeg
Data/PSG/s_01/c_01/morningnap_singlepart.edf,22,CP2,eeg,eeg
Data/PSG/s_01/c_01/morningnap_singlepart.edf,23,Cz,eeg,eeg
Data/PSG/s_01/c_01/morningnap_singlepart.edf,24,C4,eeg,eeg
Data/PSG/s_01/c_01/morningnap_singlepart.edf,25,T8,eeg,eeg
Data/PSG/s_01/c_01/morningnap_singlepart.edf,26,EMG_lower_left,eeg,emg
Data/PSG/s_01/c_01/morningnap_singlepart.edf,27,FC6,eeg,eeg
Data/PSG/s_01/c_01/morningnap_singlepart.edf,28,FC2,eeg,eeg
Data/PSG/s_01/c_01/morningnap_singlepart.edf,29,F4,eeg,eeg
Data/PSG/s_01/c_01/morningnap_singlepart.edf,30,F8,eeg,eeg
Data/PSG/s_01/c_01/morningnap_singlepart.edf,31,Fp2,eeg,eeg
Data/PSG/s_01/c_01/morningnap_singlepart.edf,32,AF7,eeg,eeg
Data/PSG/s_01/c_01/morningnap_singlepart.edf,33,AF3,eeg,eeg
Data/PSG/s_01/c_01/morningnap_singlepart.edf,34,AFz,eeg,eeg
Data/PSG/s_01/c_01/morningnap_singlepart.edf,35,F1,eeg,eeg
Data/PSG/s_01/c_01/morningnap_singlepart.edf,36,F5,eeg,eeg
Data/PSG/s_01/c_01/morningnap_singlepart.edf,37,FT7,eeg,eeg
Data/PSG/s_01/c_01/morningnap_singlepart.edf,38,FC3,eeg,eeg
Data/PSG/s_01/c_01/morningnap_singlepart.edf,39,C1,eeg,eeg
Data/PSG/s_01/c_01/morningnap_singlepart.edf,40,C5,eeg,eeg
Data/PSG/s_01/c_01/morningnap_singlepart.edf,41,TP7,eeg,eeg
Data/PSG/s_01/c_01/morningnap_singlepart.edf,42,CP3,eeg,eeg
Data/PSG/s_01/c_01/morningnap_singlepart.edf,43,P1,eeg,eeg
Data/PSG/s_01/c_01/morningnap_singlepart.edf,44,P5,eeg,eeg
Data/PSG/s_01/c_01/morningnap_singlepart.edf,45,PO7,eeg,eeg
Data/PSG/s_01/c_01/morningnap_singlepart.edf,46,PO3,eeg,eeg
Data/PSG/s_01/c_01/morningnap_singlepart.edf,47,POz,eeg,eeg
Data/PSG/s_01/c_01/morningnap_singlepart.edf,48,PO4,eeg,eeg
Data/PSG/s_01/c_01/morningnap_singlepart.edf,49,PO8,eeg,eeg
Data/PSG/s_01/c_01/morningnap_singlepart.edf,50,P6,eeg,eeg
Data/PSG/s_01/c_01/morningnap_singlepart.edf,51,P2,eeg,eeg
Data/PSG/s_01/c_01/morningnap_singlepart.edf,52,CPz,eeg,eeg
Data/PSG/s_01/c_01/morningnap_singlepart.edf,53,CP4,eeg,eeg
Data/PSG/s_01/c_01/morningnap_singlepart.edf,54,TP8,eeg,eeg
Data/PSG/s_01/c_01/morningnap_singlepart.edf,55,C6,eeg,eeg
Data/PSG/s_01/c_01/morningnap_singlepart.edf,56,C2,eeg,eeg
Data/PSG/s_01/c_01/morningnap_singlepart.edf,57,FC4,eeg,eeg
Data/PSG/s_01/c_01/morningnap_singlepart.edf,58,FT8,eeg,eeg
Data/PSG/s_01/c_01/morningnap_singlepart.edf,59,F6,eeg,eeg
Data/PSG/s_01/c_01/morningnap_singlepart.edf,60,AF8,eeg,eeg
Data/PSG/s_01/c_01/morningnap_singlepart.edf,61,AF4,eeg,eeg
Data/PSG/s_01/c_01/morningnap_singlepart.edf,62,F2,eeg,eeg
Data/PSG/s_01/c_01/morningnap_singlepart.edf,63,EMG_ref,eeg,emg
Data/PSG/s_02/c_02/morningnap_part1.edf,0,Fp1,eeg,eeg
Data/PSG/s_02/c_02/morningnap_part1.edf,1,Fz,eeg,eeg
Data/PSG/s_02/c_02/morningnap_part1.edf,2,F3,eeg,eeg
Data/PSG/s_02/c_02/morningnap_part1.edf,3,F7,eeg,eeg
Data/PSG/s_02/c_02/morningnap_part1.edf,4,EOG_left,eeg,eog
Data/PSG/s_02/c_02/morningnap_part1.edf,5,FC5,eeg,eeg
Data/PSG/s_02/c_02/morningnap_part1.edf,6,FC1,eeg,eeg
Data/PSG/s_02/c_02/morningnap_part1.edf,7,C3,eeg,eeg
Data/PSG/s_02/c_02/morningnap_part1.edf,8,T7,eeg,eeg
Data/PSG/s_02/c_02/morningnap_part1.edf,9,EOG_right,eeg,eog
Data/PSG/s_02/c_02/morningnap_part1.edf,10,CP5,eeg,eeg
Data/PSG/s_02/c_02/morningnap_part1.edf,11,CP1,eeg,eeg
Data/PSG/s_02/c_02/morningnap_part1.edf,12,Pz,eeg,eeg
Data/PSG/s_02/c_02/morningnap_part1.edf,13,P3,eeg,eeg
Data/PSG/s_02/c_02/morningnap_part1.edf,14,P7,eeg,eeg
Data/PSG/s_02/c_02/morningnap_part1.edf,15,O1,eeg,eeg
Data/PSG/s_02/c_02/morningnap_part1.edf,16,Oz,eeg,eeg
Data/PSG/s_02/c_02/morningnap_part1.edf,17,O2,eeg,eeg
Data/PSG/s_02/c_02/morningnap_part1.edf,18,P4,eeg,eeg
Data/PSG/s_02/c_02/morningnap_part1.edf,19,P8,eeg,eeg
Data/PSG/s_02/c_02/morningnap_part1.edf,20,EMG_lower_right,eeg,emg
Data/PSG/s_02/c_02/morningnap_part1.edf,21,CP6,eeg,eeg
Data/PSG/s_02/c_02/morningnap_part1.edf,22,CP2,eeg,eeg
Data/PSG/s_02/c_02/morningnap_part1.edf,23,Cz,eeg,eeg
Data/PSG/s_02/c_02/morningnap_part1.edf,24,C4,eeg,eeg
Data/PSG/s_02/c_02/morningnap_part1.edf,25,T8,eeg,eeg
Data/PSG/s_02/c_02/morningnap_part1.edf,26,EMG_lower_left,eeg,emg
Data/PSG/s_02/c_02/morningnap_part1.edf,27,FC6,eeg,eeg
Data/PSG/s_02/c_02/morningnap_part1.edf,28,FC2,eeg,eeg
Data/PSG/s_02/c_02/morningnap_part1.edf,29,F4,eeg,eeg
Data/PSG/s_02/c_02/morningnap_part1.edf,30,F8,eeg,eeg
Data/PSG/s_02/c_02/morningnap_part1.edf,31,Fp2,eeg,eeg
Data/PSG/s_02/c_02/morningnap_part1.edf,32,AF7,eeg,eeg
Data/PSG/s_02/c_02/morningnap_part1.edf,33,AF3,eeg,eeg
Data/PSG/s_02/c_02/morningnap_part1.edf,34,AFz,eeg,eeg
Data/PSG/s_02/c_02/morningnap_part1.edf,35,F1,eeg,eeg
Data/PSG/s_02/c_02/morningnap_part1.edf,36,F5,eeg,eeg
Data/PSG/s_02/c_02/morningnap_part1.edf,37,FT7,eeg,eeg
Data/PSG/s_02/c_02/morningnap_part1.edf,38,FC3,eeg,eeg
Data/PSG/s_02/c_02/morningnap_part1.edf,39,C1,eeg,eeg
Data/PSG/s_02/c_02/morningnap_part1.edf,40,C5,eeg,eeg
Data/PSG/s_02/c_02/morningnap_part1.edf,41,TP7,eeg,eeg
Data/PSG/s_02/c_02/morningnap_part1.edf,42,CP3,eeg,eeg
Data/PSG/s_02/c_02/morningnap_part1.edf,43,P1,eeg,eeg
Data/PSG/s_02/c_02/morningnap_part1.edf,44,P5,eeg,eeg
Data/PSG/s_02/c_02/morningnap_part1.edf,45,PO7,eeg,eeg
Data/PSG/s_02/c_02/morningnap_part1.edf,46,PO3,eeg,eeg
Data/PSG/s_02/c_02/morningnap_part1.edf,47,POz,eeg,eeg
Data/PSG/s_02/c_02/morningnap_part1.edf,48,PO4,eeg,eeg
Data/PSG/s_02/c_02/morningnap_part1.edf,49,PO8,eeg,eeg
Data/PSG/s_02/c_02/morningnap_part1.edf,50,P6,eeg,eeg
Data/PSG/s_02/c_02/morningnap_part1.edf,51,P2,eeg,eeg
Data/PSG/s_02/c_02/morningnap_part1.edf,52,CPz,eeg,eeg
Data/PSG/s_02/c_02/morningnap_part1.edf,53,CP4,eeg,eeg
Data/PSG/s_02/c_02/morningnap_part1.edf,54,TP8,eeg,eeg
Data/PSG/s_02/c_02/morningnap_part1.edf,55,C6,eeg,eeg
Data/PSG/s_02/c_02/morningnap_part1.edf,56,C2,eeg,eeg
Data/PSG/s_02/c_02/morningnap_part1.edf,57,FC4,eeg,eeg
Data/PSG/s_02/c_02/morningnap_part1.edf,58,FT8,eeg,eeg
Data/PSG/s_02/c_02/morningnap_part1.edf,59,F6,eeg,eeg
Data/PSG/s_02/c_02/morningnap_part1.edf,60,AF8,eeg,eeg
Data/PSG/s_02/c_02/morningnap_part1.edf,61,AF4,eeg,eeg
Data/PSG/s_02/c_02/morningnap_part1.edf,62,F2,eeg,eeg
Data/PSG/s_02/c_02/morningnap_part1.edf,63,EMG_ref,eeg,emg
Data/PSG/s_02/c_02/morningnap_part2.edf,0,Fp1,eeg,eeg
Data/PSG/s_02/c_02/morningnap_part2.edf,1,Fz,eeg,eeg
Data/PSG/s_02/c_02/morningnap_part2.edf,2,F3,eeg,eeg
Data/PSG/s_02/c_02/morningnap_part2.edf,3,F7,eeg,eeg
Data/PSG/s_02/c_02/morningnap_part2.edf,4,EOG_left,eeg,eog
Data/PSG/s_02/c_02/morningnap_part2.edf,5,FC5,eeg,eeg
Data/PSG/s_02/c_02/morningnap_part2.edf,6,FC1,eeg,eeg
Data/PSG/s_02/c_02/morningnap_part2.edf,7,C3,eeg,eeg
Data/PSG/s_02/c_02/morningnap_part2.edf,8,T7,eeg,eeg
Data/PSG/s_02/c_02/morningnap_part2.edf,9,EOG_right,eeg,eog
Data/PSG/s_02/c_02/morningnap_part2.edf,10,CP5,eeg,eeg
Data/PSG/s_02/c_02/morningnap_part2.edf,11,CP1,eeg,eeg
Data/PSG/s_02/c_02/morningnap_part2.edf,12,Pz,eeg,eeg
Data/PSG/s_02/c_02/morningnap_part2.edf,13,P3,eeg,eeg
Data/PSG/s_02/c_02/morningnap_part2.edf,14,P7,eeg,eeg
Data/PSG/s_02/c_02/morningnap_part2.edf,15,O1,eeg,eeg
Data/PSG/s_02/c_02/morningnap_part2.edf,16,Oz,eeg,eeg
Data/PSG/s_02/c_02/morningnap_part2.edf,17,O2,eeg,eeg
Data/PSG/s_02/c_02/morningnap_part2.edf,18,P4,eeg,eeg
Data/PSG/s_02/c_02/morningnap_part2.edf,19,P8,eeg,eeg
Data/PSG/s_02/c_02/morningnap_part2.edf,20,EMG_lower_right,eeg,emg
Data/PSG/s_02/c_02/morningnap_part2.edf,21,CP6,eeg,eeg
Data/PSG/s_02/c_02/morningnap_part2.edf,22,CP2,eeg,eeg
Data/PSG/s_02/c_02/morningnap_part2.edf,23,Cz,eeg,eeg
Data/PSG/s_02/c_02/morningnap_part2.edf,24,C4,eeg,eeg
Data/PSG/s_02/c_02/morningnap_part2.edf,25,T8,eeg,eeg
Data/PSG/s_02/c_02/morningnap_part2.edf,26,EMG_lower_left,eeg,emg
Data/PSG/s_02/c_02/morningnap_part2.edf,27,FC6,eeg,eeg
Data/PSG/s_02/c_02/morningnap_part2.edf,28,FC2,eeg,eeg
Data/PSG/s_02/c_02/morningnap_part2.edf,29,F4,eeg,eeg
Data/PSG/s_02/c_02/morningnap_part2.edf,30,F8,eeg,eeg
Data/PSG/s_02/c_02/morningnap_part2.edf,31,Fp2,eeg,eeg
Data/PSG/s_02/c_02/morningnap_part2.edf,32,AF7,eeg,eeg
Data/PSG/s_02/c_02/morningnap_part2.edf,33,AF3,eeg,eeg
Data/PSG/s_02/c_02/morningnap_part2.edf,34,AFz,eeg,eeg
Data/PSG/s_02/c_02/morningnap_part2.edf,35,F1,eeg,eeg
Data/PSG/s_02/c_02/morningnap_part2.edf,36,F5,eeg,eeg
Data/PSG/s_02/c_02/morningnap_part2.edf,37,FT7,eeg,eeg
Data/PSG/s_02/c_02/morningnap_part2.edf,38,FC3,eeg,eeg
Data/PSG/s_02/c_02/morningnap_part2.edf,39,C1,eeg,eeg
Data/PSG/s_02/c_02/morningnap_part2.edf,40,C5,eeg,eeg
Data/PSG/s_02/c_02/morningnap_part2.edf,41,TP7,eeg,eeg
Data/PSG/s_02/c_02/morningnap_part2.edf,42,CP3,eeg,eeg
Data/PSG/s_02/c_02/morningnap_part2.edf,43,P1,eeg,eeg
Data/PSG/s_02/c_02/morningnap_part2.edf,44,P5,eeg,eeg
Data/PSG/s_02/c_02/morningnap_part2.edf,45,PO7,eeg,eeg
Data/PSG/s_02/c_02/morningnap_part2.edf,46,PO3,eeg,eeg
Data/PSG/s_02/c_02/morningnap_part2.edf,47,POz,eeg,eeg
Data/PSG/s_02/c_02/morningnap_part2.edf,48,PO4,eeg,eeg
Data/PSG/s_02/c_02/morningnap_part2.edf,49,PO8,eeg,eeg
Data/PSG/s_02/c_02/morningnap_part2.edf,50,P6,eeg,eeg
Data/PSG/s_02/c_02/morningnap_part2.edf,51,P2,eeg,eeg
Data/PSG/s_02/c_02/morningnap_part2.edf,52,CPz,eeg,eeg
Data/PSG/s_02/c_02/morningnap_part2.edf,53,CP4,eeg,eeg
Data/PSG/s_02/c_02/morningnap_part2.edf,54,TP8,eeg,eeg
Data/PSG/s_02/c_02/morningnap_part2.edf,55,C6,eeg,eeg
Data/PSG/s_02/c_02/morningnap_part2.edf,56,C2,eeg,eeg
Data/PSG/s_02/c_02/morningnap_part2.edf,57,FC4,eeg,eeg
Data/PSG/s_02/c_02/morningnap_part2.edf,58,FT8,eeg,eeg
Data/PSG/s_02/c_02/morningnap_part2.edf,59,F6,eeg,eeg
Data/PSG/s_02/c_02/morningnap_part2.edf,60,AF8,eeg,eeg
Data/PSG/s_02/c_02/morningnap_part2.edf,61,AF4,eeg,eeg
Data/PSG/s_02/c_02/morningnap_part2.edf,62,F2,eeg,eeg
Data/PSG/s_02/c_02/morningnap_part2.edf,63,EMG_ref,eeg,emg
Data/PSG/s_03/c_03/morningnap_singlepart.edf,0,Fp1,eeg,eeg
Data/PSG/s_03/c_03/morningnap_singlepart.edf,1,Fz,eeg,eeg
Data/PSG/s_03/c_03/morningnap_singlepart.edf,2,F3,eeg,eeg
Data/PSG/s_03/c_03/morningnap_singlepart.edf,3,F7,eeg,eeg
Data/PSG/s_03/c_03/morningnap_singlepart.edf,4,FT9,eeg,eeg
Data/PSG/s_03/c_03/morningnap_singlepart.edf,5,FC5,eeg,eeg
Data/PSG/s_03/c_03/morningnap_singlepart.edf,6,FC1,eeg,eeg
Data/PSG/s_03/c_03/morningnap_singlepart.edf,7,C3,eeg,eeg
Data/PSG/s_03/c_03/morningnap_singlepart.edf,8,EMG_up_left,eeg,emg
Data/PSG/s_03/c_03/morningnap_singlepart.edf,9,EMG_up_right,eeg,emg
Data/PSG/s_03/c_03/morningnap_singlepart.edf,10,EMG_medium_left,eeg,emg
Data/PSG/s_03/c_03/morningnap_singlepart.edf,11,EMG_medium_right,eeg,emg
Data/PSG/s_03/c_03/morningnap_singlepart.edf,12,Pz,eeg,eeg
Data/PSG/s_03/c_03/morningnap_singlepart.edf,13,P3,eeg,eeg
Data/PSG/s_03/c_03/morningnap_singlepart.edf,14,P7,eeg,eeg
Data/PSG/s_03/c_03/morningnap_singlepart.edf,15,O1,eeg,eeg
Data/PSG/s_03/c_03/morningnap_singlepart.edf,16,Oz,eeg,eeg
Data/PSG/s_03/c_03/morningnap_singlepart.edf,17,O2,eeg,eeg
Data/PSG/s_03/c_03/morningnap_singlepart.edf,18,P4,eeg,eeg
Data/PSG/s_03/c_03/morningnap_singlepart.edf,19,P8,eeg,eeg
Data/PSG/s_03/c_03/morningnap_singlepart.edf,20,EMG_ref,eeg,emg
Data/PSG/s_03/c_03/morningnap_singlepart.edf,21,EMG_down_left,eeg,emg
Data/PSG/s_03/c_03/morningnap_singlepart.edf,22,EMG_down_right,eeg,emg
Data/PSG/s_03/c_03/morningnap_singlepart.edf,23,Cz,eeg,eeg
Data/PSG/s_03/c_03/morningnap_singlepart.edf,24,C4,eeg,eeg
Data/PSG/s_03/c_03/morningnap_singlepart.edf,25,T8,eeg,eeg
Data/PSG/s_03/c_03/morningnap_singlepart.edf,26,FT10,eeg,eeg
Data/PSG/s_03/c_03/morningnap_singlepart.edf,27,FC6,eeg,eeg
Data/PSG/s_03/c_03/morningnap_singlepart.edf,28,FC2,eeg,eeg
Data/PSG/s_03/c_03/morningnap_singlepart.edf,29,F4,eeg,eeg
Data/PSG/s_03/c_03/morningnap_singlepart.edf,30,F8,eeg,eeg
Data/PSG/s_03/c_03/morningnap_singlepart.edf,31,Fp2,eeg,eeg
Data/PSG/s_03/c_03/morningnap_singlepart.edf,32,AF7,eeg,eeg
Data/PSG/s_03/c_03/morningnap_singlepart.edf,33,AF3,eeg,eeg
Data/PSG/s_03/c_03/morningnap_singlepart.edf,34,AFz,eeg,eeg
Data/PSG/s_03/c_03/morningnap_singlepart.edf,35,F1,eeg,eeg
Data/PSG/s_03/c_03/morningnap_singlepart.edf,36,F5,eeg,eeg
Data/PSG/s_03/c_03/morningnap_singlepart.edf,37,FT7,eeg,eeg
Data/PSG/s_03/c_03/morningnap_singlepart.edf,38,FC3,eeg,eeg
Data/PSG/s_03/c_03/morningnap_singlepart.edf,39,C1,eeg,eeg
Data/PSG/s_03/c_03/morningnap_singlepart.edf,40,C5,eeg,eeg
Data/PSG/s_03/c_03/morningnap_singlepart.edf,41,TP7,eeg,eeg
Data/PSG/s_03/c_03/morningnap_singlepart.edf,42,CP3,eeg,eeg
Data/PSG/s_03/c_03/morningnap_singlepart.edf,43,P1,eeg,eeg
Data/PSG/s_03/c_03/morningnap_singlepart.edf,44,P5,eeg,eeg
Data/PSG/s_03/c_03/morningnap_singlepart.edf,45,PO7,eeg,eeg
Data/PSG/s_03/c_03/morningnap_singlepart.edf,46,PO3,eeg,eeg
Data/PSG/s_03/c_03/morningnap_singlepart.edf,47,POz,eeg,eeg
Data/PSG/s_03/c_03/morningnap_singlepart.edf,48,PO4,eeg,eeg
Data/PSG/s_03/c_03/morningnap_singlepart.edf,49,PO8,eeg,eeg
Data/PSG/s_03/c_03/morningnap_singlepart.edf,50,P6,eeg,eeg
Data/PSG/s_03/c_03/morningnap_singlepart.edf,51,P2,eeg,eeg
Data/PSG/s_03/c_03/morningnap_singlepart.edf,52,CPz,eeg,eeg
Data/PSG/s_03/c_03/morningnap_singlepart.edf,53,CP4,eeg,eeg
Data/PSG/s_03/c_03/morningnap_singlepart.edf,54,TP8,eeg,eeg
Data/PSG/s_03/c_03/morningnap_singlepart.edf,55,C6,eeg,eeg
Data/PSG/s_03/c_03/morningnap_singlepart.edf,56,C2,eeg,eeg
Data/PSG/s_03/c_03/morningnap_singlepart.edf,57,FC4,eeg,eeg
Data/PSG/s_03/c_03/morningnap_singlepart.edf,58,FT8,eeg,eeg
Data/PSG/s_03/c_03/morningnap_singlepart.edf,59,F6,eeg,eeg
Data/PSG/s_03/c_03/morningnap_singlepart.edf,60,AF8,eeg,eeg
Data/PSG/s_03/c_03/morningnap_singlepart.edf,61,AF4,eeg,eeg
Data/PSG/s_03/c_03/morningnap_singlepart.edf,62,F2,eeg,eeg
Data/PSG/s_03/c_03/morningnap_singlepart.edf,63,Iz,eeg,eeg
Data/PSG/s_04/c_04/morningnap_singlepart.edf,0,Fp1,eeg,eeg
Data/PSG/s_04/c_04/morningnap_singlepart.edf,1,Fp2,eeg,eeg
Data/PSG/s_04/c_04/morningnap_singlepart.edf,2,F3,eeg,eeg
Data/PSG/s_04/c_04/morningnap_singlepart.edf,3,F4,eeg,eeg
Data/PSG/s_04/c_04/morningnap_singlepart.edf,4,C3,eeg,eeg
Data/PSG/s_04/c_04/morningnap_singlepart.edf,5,C4,eeg,eeg
Data/PSG/s_04/c_04/morningnap_singlepart.edf,6,P3,eeg,eeg
Data/PSG/s_04/c_04/morningnap_singlepart.edf,7,P4,eeg,eeg
Data/PSG/s_04/c_04/morningnap_singlepart.edf,8,O1,eeg,eeg
Data/PSG/s_04/c_04/morningnap_singlepart.edf,9,O2,eeg,eeg
Data/PSG/s_04/c_04/morningnap_singlepart.edf,10,F7,eeg,eeg
Data/PSG/s_04/c_04/morningnap_singlepart.edf,11,F8,eeg,eeg
Data/PSG/s_04/c_04/morningnap_singlepart.edf,12,T7,eeg,eeg
Data/PSG/s_04/c_04/morningnap_singlepart.edf,13,T8,eeg,eeg
Data/PSG/s_04/c_04/morningnap_singlepart.edf,14,P7,eeg,eeg
Data/PSG/s_04/c_04/morningnap_singlepart.edf,15,P8,eeg,eeg
Data/PSG/s_04/c_04/morningnap_singlepart.edf,16,FPz,eeg,eeg
Data/PSG/s_04/c_04/morningnap_singlepart.edf,17,Fz,eeg,eeg
Data/PSG/s_04/c_04/morningnap_singlepart.edf,18,Cz,eeg,eeg
Data/PSG/s_04/c_04/morningnap_singlepart.edf,19,Pz,eeg,eeg
Data/PSG/s_04/c_04/morningnap_singlepart.edf,20,POz,eeg,eeg
Data/PSG/s_04/c_04/morningnap_singlepart.edf,21,Oz,eeg,eeg
Data/PSG/s_04/c_04/morningnap_singlepart.edf,22,FT9,eeg,eeg
Data/PSG/s_04/c_04/morningnap_singlepart.edf,23,FT10,eeg,eeg
Data/PSG/s_04/c_04/morningnap_singlepart.edf,24,M1,eeg,eeg
Data/PSG/s_04/c_04/morningnap_singlepart.edf,25,M2,eeg,eeg
Data/PSG/s_04/c_04/morningnap_singlepart.edf,26,VEOG1,eeg,eog
Data/PSG/s_04/c_04/morningnap_singlepart.edf,27,VEOG2,eeg,eog
Data/PSG/s_04/c_04/morningnap_singlepart.edf,28,EMG1,eeg,emg
Data/PSG/s_04/c_04/morningnap_singlepart.edf,29,EMG2,eeg,emg
Data/PSG/s_04/c_04/morningnap_singlepart.edf,30,EMG3,eeg,emg
Data/PSG/s_04/c_04/morningnap_singlepart.edf,31,ECG,eeg,ecg
Data/PSG/s_04/c_04/morningnap_singlepart.edf,32,AF3,eeg,eeg
Data/PSG/s_04/c_04/morningnap_singlepart.edf,33,AF4,eeg,eeg
Data/PSG/s_04/c_04/morningnap_singlepart.edf,34,F1,eeg,eeg
Data/PSG/s_04/c_04/morningnap_singlepart.edf,35,F2,eeg,eeg
Data/PSG/s_04/c_04/morningnap_singlepart.edf,36,F5,eeg,eeg
Data/PSG/s_04/c_04/morningnap_singlepart.edf,37,F6,eeg,eeg
Data/PSG/s_04/c_04/morningnap_singlepart.edf,38,FC1,eeg,eeg
Data/PSG/s_04/c_04/morningnap_singlepart.edf,39,FC2,eeg,eeg
Data/PSG/s_04/c_04/morningnap_singlepart.edf,40,FC3,eeg,eeg
Data/PSG/s_04/c_04/morningnap_singlepart.edf,41,FC4,eeg,eeg
Data/PSG/s_04/c_04/morningnap_singlepart.edf,42,FC5,eeg,eeg
Data/PSG/s_04/c_04/morningnap_singlepart.edf,43,FC6,eeg,eeg
Data/PSG/s_04/c_04/morningnap_singlepart.edf,44,FT7,eeg,eeg
Data/PSG/s_04/c_04/morningnap_singlepart.edf,45,FT8,eeg,eeg
Data/PSG/s_04/c_04/morningnap_singlepart.edf,46,C1,eeg,eeg
Data/PSG/s_04/c_04/morningnap_singlepart.edf,47,C2,eeg,eeg
Data/PSG/s_04/c_04/morningnap_singlepart.edf,48,C5,eeg,eeg
Data/PSG/s_04/c_04/morningnap_singlepart.edf,49,C6,eeg,eeg
Data/PSG/s_04/c_04/morningnap_singlepart.edf,50,CP1,eeg,eeg
Data/PSG/s_04/c_04/morningnap_singlepart.edf,51,CP2,eeg,eeg
Data/PSG/s_04/c_04/morningnap_singlepart.edf,52,CP3,eeg,eeg
Data/PSG/s_04/c_04/morningnap_singlepart.edf,53,CP4,eeg,eeg
Data/PSG/s_04/c_04/morningnap_singlepart.edf,54,CP5,eeg,eeg
Data/PSG/s_04/c_04/morningnap_singlepart.edf,55,CP6,eeg,eeg
Data/PSG/s_04/c_04/morningnap_singlepart.edf,56,TP7,eeg,eeg
Data/PSG/s_04/c_04/morningnap_singlepart.edf,57,TP8,eeg,eeg
Data/PSG/s_04/c_04/morningnap_singlepart.edf,58,P1,eeg,eeg
Data/PSG/s_04/c_04/morningnap_singlepart.edf,59,P2,eeg,eeg
Data/PSG/s_04/c_04/morningnap_singlepart.edf,60,P5,eeg,eeg
Data/PSG/s_04/c_04/morningnap_singlepart.edf,61,P6,eeg,eeg
Data/PSG/s_04/c_04/morningnap_singlepart.edf,62,PO3,eeg,eeg
Data/PSG/s_04/c_04/morningnap_singlepart.edf,63,PO4,eeg,eeg
Data/PSG/s_04/c_04/morningnap_singlepart.edf,64,AFp1,eeg,eeg
Data/PSG/s_04/c_04/morningnap_singlepart.edf,65,AFp2,eeg,eeg
Data/PSG/s_04/c_04/morningnap_singlepart.edf,66,AF7,eeg,eeg
Data/PSG/s_04/c_04/morningnap_singlepart.edf,67,AF8,eeg,eeg
Data/PSG/s_04/c_04/morningnap_singlepart.edf,68,AFF1h,eeg,eeg
Data/PSG/s_04/c_04/morningnap_singlepart.edf,69,AFF2h,eeg,eeg
Data/PSG/s_04/c_04/morningnap_singlepart.edf,70,AFF5h,eeg,eeg
Data/PSG/s_04/c_04/morningnap_singlepart.edf,71,AFF6h,eeg,eeg
Data/PSG/s_04/c_04/morningnap_singlepart.edf,72,FFC1h,eeg,eeg
Data/PSG/s_04/c_04/morningnap_singlepart.edf,73,FFC2h,eeg,eeg
Data/PSG/s_04/c_04/morningnap_singlepart.edf,74,FFC3h,eeg,eeg
Data/PSG/s_04/c_04/morningnap_singlepart.edf,75,FFC4h,eeg,eeg
Data/PSG/s_04/c_04/morningnap_singlepart.edf,76,FFC5h,eeg,eeg
Data/PSG/s_04/c_04/morningnap_singlepart.edf,77,FFC6h,eeg,eeg
Data/PSG/s_04/c_04/morningnap_singlepart.edf,78,FFT7h,eeg,eeg
Data/PSG/s_04/c_04/morningnap_singlepart.edf,79,FFT8h,eeg,eeg
Data/PSG/s_04/c_04/morningnap_singlepart.edf,80,HEOG2,eeg,eog
Data/PSG/s_04/c_04/morningnap_singlepart.edf,81,HEOG1,eeg,eog
Data/PSG/s_04/c_04/morningnap_singlepart.edf,82,FCC1h,eeg,eeg
Data/PSG/s_04/c_04/morningnap_singlepart.edf,83,FCC2h,eeg,eeg
Data/PSG/s_04/c_04/morningnap_singlepart.edf,84,FCC3h,eeg,eeg
Data/PSG/s_04/c_04/morningnap_singlepart.edf,85,FCC4h,eeg,eeg
Data/PSG/s_04/c_04/morningnap_singlepart.edf,86,FCC5h,eeg,eeg
Data/PSG/s_04/c_04/morningnap_singlepart.edf,87,FCC6h,eeg,eeg
Data/PSG/s_04/c_04/morningnap_singlepart.edf,88,FTT7h,eeg,eeg
Data/PSG/s_04/c_04/morningnap_singlepart.edf,89,FTT8h,eeg,eeg
Data/PSG/s_04/c_04/morningnap_singlepart.edf,90,CCP1h,eeg,eeg
Data/PSG/s_04/c_04/morningnap_singlepart.edf,91,CCP2h,eeg,eeg
Data/PSG/s_04/c_04/morningnap_singlepart.edf,92,CCP3h,eeg,eeg
Data/PSG/s_04/c_04/morningnap_singlepart.edf,93,CCP4h,eeg,eeg
Data/PSG/s_04/c_04/morningnap_singlepart.edf,94,CCP5h,eeg,eeg
Data/PSG/s_04/c_04/morningnap_singlepart.edf,95,CCP6h,eeg,eeg
Data/PSG/s_04/c_04/morningnap_singlepart.edf,96,TTP7h,eeg,eeg
Data/PSG/s_04/c_04/morningnap_singlepart.edf,97,TTP8h,eeg,eeg
Data/PSG/s_04/c_04/morningnap_singlepart.edf,98,CPP1h,eeg,eeg
Data/PSG/s_04/c_04/morningnap_singlepart.edf,99,CPP2h,eeg,eeg
Data/PSG/s_04/c_04/morningnap_singlepart.edf,100,CPP3h,eeg,eeg
Data/PSG/s_04/c_04/morningnap_singlepart.edf,101,CPP4h,eeg,eeg
Data/PSG/s_04/c_04/morningnap_singlepart.edf,102,CPP5h,eeg,eeg
Data/PSG/s_04/c_04/morningnap_singlepart.edf,103,CPP6h,eeg,eeg
Data/PSG/s_04/c_04/morningnap_singlepart.edf,104,TPP7h,eeg,eeg
Data/PSG/s_04/c_04/morningnap_singlepart.edf,105,TPP8h,eeg,eeg
Data/PSG/s_04/c_04/morningnap_singlepart.edf,106,PPO1h,eeg,eeg
Data/PSG/s_04/c_04/morningnap_singlepart.edf,107,PPO2h,eeg,eeg
Data/PSG/s_04/c_04/morningnap_singlepart.edf,108,PPO5h,eeg,eeg
Data/PSG/s_04/c_04/morningnap_singlepart.edf,109,PPO6h,eeg,eeg
Data/PSG/s_04/c_04/morningnap_singlepart.edf,110,PO7,eeg,eeg
Data/PSG/s_04/c_04/morningnap_singlepart.edf,111,PO8,eeg,eeg
Data/PSG/s_04/c_04/morningnap_singlepart.edf,112,POO1,eeg,eeg
Data/PSG/s_04/c_04/morningnap_singlepart.edf,113,POO2,eeg,eeg
Data/PSG/s_04/c_04/morningnap_singlepart.edf,114,P9,eeg,eeg
Data/PSG/s_04/c_04/morningnap_singlepart.edf,115,P10,eeg,eeg
Data/PSG/s_04/c_04/morningnap_singlepart.edf,116,SI5,eeg,eeg
Data/PSG/s_04/c_04/morningnap_singlepart.edf,117,SI6,eeg,eeg
Data/PSG/s_04/c_04/morningnap_singlepart.edf,118,PO9,eeg,eeg
Data/PSG/s_04/c_04/morningnap_singlepart.edf,119,PO10,eeg,eeg
Data/PSG/s_04/c_04/morningnap_singlepart.edf,120,I1,eeg,eeg
Data/PSG/s_04/c_04/morningnap_singlepart.edf,121,I2,eeg,eeg
Data/PSG/s_04/c_04/morningnap_singlepart.edf,122,SI3,eeg,eeg
Data/PSG/s_04/c_04/morningnap_singlepart.edf,123,SI4,eeg,eeg
Data/PSG/s_04/c_04/morningnap_singlepart.edf,124,AFz,eeg,eeg
Data/PSG/s_04/c_04/morningnap_singlepart.edf,125,CPz,eeg,eeg
Data/PSG/s_04/c_04/morningnap_singlepart.edf,126,Iz,eeg,eeg
Data/PSG/s_04/c_04/morningnap_singlepart.edf,127,IIz,eeg,eeg
Data/PSG/s_04/c_05/morningnap_singlepart.edf,0,Fp1,eeg,eeg
Data/PSG/s_04/c_05/morningnap_singlepart.edf,1,Fp2,eeg,eeg
Data/PSG/s_04/c_05/morningnap_singlepart.edf,2,F3,eeg,eeg
Data/PSG/s_04/c_05/morningnap_singlepart.edf,3,F4,eeg,eeg
Data/PSG/s_04/c_05/morningnap_singlepart.edf,4,C3,eeg,eeg
Data/PSG/s_04/c_05/morningnap_singlepart.edf,5,C4,eeg,eeg
Data/PSG/s_04/c_05/morningnap_singlepart.edf,6,P3,eeg,eeg
Data/PSG/s_04/c_05/morningnap_singlepart.edf,7,P4,eeg,eeg
Data/PSG/s_04/c_05/morningnap_singlepart.edf,8,O1,eeg,eeg
Data/PSG/s_04/c_05/morningnap_singlepart.edf,9,O2,eeg,eeg
Data/PSG/s_04/c_05/morningnap_singlepart.edf,10,F7,eeg,eeg
Data/PSG/s_04/c_05/morningnap_singlepart.edf,11,F8,eeg,eeg
Data/PSG/s_04/c_05/morningnap_singlepart.edf,12,T7,eeg,eeg
Data/PSG/s_04/c_05/morningnap_singlepart.edf,13,T8,eeg,eeg
Data/PSG/s_04/c_05/morningnap_singlepart.edf,14,P7,eeg,eeg
Data/PSG/s_04/c_05/morningnap_singlepart.edf,15,P8,eeg,eeg
Data/PSG/s_04/c_05/morningnap_singlepart.edf,16,FPz,eeg,eeg
Data/PSG/s_04/c_05/morningnap_singlepart.edf,17,Fz,eeg,eeg
Data/PSG/s_04/c_05/morningnap_singlepart.edf,18,Cz,eeg,eeg
Data/PSG/s_04/c_05/morningnap_singlepart.edf,19,Pz,eeg,eeg
Data/PSG/s_04/c_05/morningnap_singlepart.edf,20,POz,eeg,eeg
Data/PSG/s_04/c_05/morningnap_singlepart.edf,21,Oz,eeg,eeg
Data/PSG/s_04/c_05/morningnap_singlepart.edf,22,FT9,eeg,eeg
Data/PSG/s_04/c_05/morningnap_singlepart.edf,23,FT10,eeg,eeg
Data/PSG/s_04/c_05/morningnap_singlepart.edf,24,M1,eeg,eeg
Data/PSG/s_04/c_05/morningnap_singlepart.edf,25,M2,eeg,eeg
Data/PSG/s_04/c_05/morningnap_singlepart.edf,26,VEOG1,eeg,eog
Data/PSG/s_04/c_05/morningnap_singlepart.edf,27,VEOG2,eeg,eog
Data/PSG/s_04/c_05/morningnap_singlepart.edf,28,EMG1,eeg,emg
Data/PSG/s_04/c_05/morningnap_singlepart.edf,29,EMG2,eeg,emg
Data/PSG/s_04/c_05/morningnap_singlepart.edf,30,EMG3,eeg,emg
Data/PSG/s_04/c_05/morningnap_singlepart.edf,31,ECG,eeg,ecg
Data/PSG/s_04/c_05/morningnap_singlepart.edf,32,AF3,eeg,eeg
Data/PSG/s_04/c_05/morningnap_singlepart.edf,33,AF4,eeg,eeg
Data/PSG/s_04/c_05/morningnap_singlepart.edf,34,F1,eeg,eeg
Data/PSG/s_04/c_05/morningnap_singlepart.edf,35,F2,eeg,eeg
Data/PSG/s_04/c_05/morningnap_singlepart.edf,36,F5,eeg,eeg
Data/PSG/s_04/c_05/morningnap_singlepart.edf,37,F6,eeg,eeg
Data/PSG/s_04/c_05/morningnap_singlepart.edf,38,FC1,eeg,eeg
Data/PSG/s_04/c_05/morningnap_singlepart.edf,39,FC2,eeg,eeg
Data/PSG/s_04/c_05/morningnap_singlepart.edf,40,FC3,eeg,eeg
Data/PSG/s_04/c_05/morningnap_singlepart.edf,41,FC4,eeg,eeg
Data/PSG/s_04/c_05/morningnap_singlepart.edf,42,FC5,eeg,eeg
Data/PSG/s_04/c_05/morningnap_singlepart.edf,43,FC6,eeg,eeg
Data/PSG/s_04/c_05/morningnap_singlepart.edf,44,FT7,eeg,eeg
Data/PSG/s_04/c_05/morningnap_singlepart.edf,45,FT8,eeg,eeg
Data/PSG/s_04/c_05/morningnap_singlepart.edf,46,C1,eeg,eeg
Data/PSG/s_04/c_05/morningnap_singlepart.edf,47,C2,eeg,eeg
Data/PSG/s_04/c_05/morningnap_singlepart.edf,48,C5,eeg,eeg
Data/PSG/s_04/c_05/morningnap_singlepart.edf,49,C6,eeg,eeg
Data/PSG/s_04/c_05/morningnap_singlepart.edf,50,CP1,eeg,eeg
Data/PSG/s_04/c_05/morningnap_singlepart.edf,51,CP2,eeg,eeg
Data/PSG/s_04/c_05/morningnap_singlepart.edf,52,CP3,eeg,eeg
Data/PSG/s_04/c_05/morningnap_singlepart.edf,53,CP4,eeg,eeg
Data/PSG/s_04/c_05/morningnap_singlepart.edf,54,CP5,eeg,eeg
Data/PSG/s_04/c_05/morningnap_singlepart.edf,55,CP6,eeg,eeg
Data/PSG/s_04/c_05/morningnap_singlepart.edf,56,TP7,eeg,eeg
Data/PSG/s_04/c_05/morningnap_singlepart.edf,57,TP8,eeg,eeg
Data/PSG/s_04/c_05/morningnap_singlepart.edf,58,P1,eeg,eeg
Data/PSG/s_04/c_05/morningnap_singlepart.edf,59,P2,eeg,eeg
Data/PSG/s_04/c_05/morningnap_singlepart.edf,60,P5,eeg,eeg
Data/PSG/s_04/c_05/morningnap_singlepart.edf,61,P6,eeg,eeg
Data/PSG/s_04/c_05/morningnap_singlepart.edf,62,PO3,eeg,eeg
Data/PSG/s_04/c_05/morningnap_singlepart.edf,63,PO4,eeg,eeg
Data/PSG/s_04/c_05/morningnap_singlepart.edf,64,AFp1,eeg,eeg
Data/PSG/s_04/c_05/morningnap_singlepart.edf,65,AFp2,eeg,eeg
Data/PSG/s_04/c_05/morningnap_singlepart.edf,66,AF7,eeg,eeg
Data/PSG/s_04/c_05/morningnap_singlepart.edf,67,AF8,eeg,eeg
Data/PSG/s_04/c_05/morningnap_singlepart.edf,68,AFF1h,eeg,eeg
Data/PSG/s_04/c_05/morningnap_singlepart.edf,69,AFF2h,eeg,eeg
Data/PSG/s_04/c_05/morningnap_singlepart.edf,70,AFF5h,eeg,eeg
Data/PSG/s_04/c_05/morningnap_singlepart.edf,71,AFF6h,eeg,eeg
Data/PSG/s_04/c_05/morningnap_singlepart.edf,72,FFC1h,eeg,eeg
Data/PSG/s_04/c_05/morningnap_singlepart.edf,73,FFC2h,eeg,eeg
Data/PSG/s_04/c_05/morningnap_singlepart.edf,74,FFC3h,eeg,eeg
Data/PSG/s_04/c_05/morningnap_singlepart.edf,75,FFC4h,eeg,eeg
Data/PSG/s_04/c_05/morningnap_singlepart.edf,76,FFC5h,eeg,eeg
Data/PSG/s_04/c_05/morningnap_singlepart.edf,77,FFC6h,eeg,eeg
Data/PSG/s_04/c_05/morningnap_singlepart.edf,78,FFT7h,eeg,eeg
Data/PSG/s_04/c_05/morningnap_singlepart.edf,79,FFT8h,eeg,eeg
Data/PSG/s_04/c_05/morningnap_singlepart.edf,80,HEOG2,eeg,eog
Data/PSG/s_04/c_05/morningnap_singlepart.edf,81,HEOG1,eeg,eog
Data/PSG/s_04/c_05/morningnap_singlepart.edf,82,FCC1h,eeg,eeg
Data/PSG/s_04/c_05/morningnap_singlepart.edf,83,FCC2h,eeg,eeg
Data/PSG/s_04/c_05/morningnap_singlepart.edf,84,FCC3h,eeg,eeg
Data/PSG/s_04/c_05/morningnap_singlepart.edf,85,FCC4h,eeg,eeg
Data/PSG/s_04/c_05/morningnap_singlepart.edf,86,FCC5h,eeg,eeg
Data/PSG/s_04/c_05/morningnap_singlepart.edf,87,FCC6h,eeg,eeg
Data/PSG/s_04/c_05/morningnap_singlepart.edf,88,FTT7h,eeg,eeg
Data/PSG/s_04/c_05/morningnap_singlepart.edf,89,FTT8h,eeg,eeg
Data/PSG/s_04/c_05/morningnap_singlepart.edf,90,CCP1h,eeg,eeg
Data/PSG/s_04/c_05/morningnap_singlepart.edf,91,CCP2h,eeg,eeg
Data/PSG/s_04/c_05/morningnap_singlepart.edf,92,CCP3h,eeg,eeg
Data/PSG/s_04/c_05/morningnap_singlepart.edf,93,CCP4h,eeg,eeg
Data/PSG/s_04/c_05/morningnap_singlepart.edf,94,CCP5h,eeg,eeg
Data/PSG/s_04/c_05/morningnap_singlepart.edf,95,CCP6h,eeg,eeg
Data/PSG/s_04/c_05/morningnap_singlepart.edf,96,TTP7h,eeg,eeg
Data/PSG/s_04/c_05/morningnap_singlepart.edf,97,TTP8h,eeg,eeg
Data/PSG/s_04/c_05/morningnap_singlepart.edf,98,CPP1h,eeg,eeg
Data/PSG/s_04/c_05/morningnap_singlepart.edf,99,CPP2h,eeg,eeg
Data/PSG/s_04/c_05/morningnap_singlepart.edf,100,CPP3h,eeg,eeg
Data/PSG/s_04/c_05/morningnap_singlepart.edf,101,CPP4h,eeg,eeg
Data/PSG/s_04/c_05/morningnap_singlepart.edf,102,CPP5h,eeg,eeg
Data/PSG/s_04/c_05/morningnap_singlepart.edf,103,CPP6h,eeg,eeg
Data/PSG/s_04/c_05/morningnap_singlepart.edf,104,TPP7h,eeg,eeg
Data/PSG/s_04/c_05/morningnap_singlepart.edf,105,TPP8h,eeg,eeg
Data/PSG/s_04/c_05/morningnap_singlepart.edf,106,PPO1h,eeg,eeg
Data/PSG/s_04/c_05/morningnap_singlepart.edf,107,PPO2h,eeg,eeg
Data/PSG/s_04/c_05/morningnap_singlepart.edf,108,PPO5h,eeg,eeg
Data/PSG/s_04/c_05/morningnap_singlepart.edf,109,PPO6h,eeg,eeg
Data/PSG/s_04/c_05/morningnap_singlepart.edf,110,PO7,eeg,eeg
Data/PSG/s_04/c_05/morningnap_singlepart.edf,111,PO8,eeg,eeg
Data/PSG/s_04/c_05/morningnap_singlepart.edf,112,POO1,eeg,eeg
Data/PSG/s_04/c_05/morningnap_singlepart.edf,113,POO2,eeg,eeg
Data/PSG/s_04/c_05/morningnap_singlepart.edf,114,P9,eeg,eeg
Data/PSG/s_04/c_05/morningnap_singlepart.edf,115,P10,eeg,eeg
Data/PSG/s_04/c_05/morningnap_singlepart.edf,116,SI5,eeg,eeg
Data/PSG/s_04/c_05/morningnap_singlepart.edf,117,SI6,eeg,eeg
Data/PSG/s_04/c_05/morningnap_singlepart.edf,118,PO9,eeg,eeg
Data/PSG/s_04/c_05/morningnap_singlepart.edf,119,PO10,eeg,eeg
Data/PSG/s_04/c_05/morningnap_singlepart.edf,120,I1,eeg,eeg
Data/PSG/s_04/c_05/morningnap_singlepart.edf,121,I2,eeg,eeg
Data/PSG/s_04/c_05/morningnap_singlepart.edf,122,SI3,eeg,eeg
Data/PSG/s_04/c_05/morningnap_singlepart.edf,123,SI4,eeg,eeg
Data/PSG/s_04/c_05/morningnap_singlepart.edf,124,AFz,eeg,eeg
Data/PSG/s_04/c_05/morningnap_singlepart.edf,125,CPz,eeg,eeg
Data/PSG/s_04/c_05/morningnap_singlepart.edf,126,Iz,eeg,eeg
Data/PSG/s_04/c_05/morningnap_singlepart.edf,127,IIz,eeg,eeg
